ulasan,label
"Tempatnya bagus banget, pemandangannya keren dan udara sejuk.",positif
"Pelayanan ramah, sangat direkomendasikan untuk liburan keluarga.",positif
"Harga tiket masuk terjangkau, worth it sama fasilitasnya.",positif
"Sangat bersih dan tertata rapi, anak-anak betah main.",positif
"Sunset di pantai ini bener-bener indah, mantap!",positif
"Makanannya enak dan banyak pilihan, mantap pokoknya.",positif
"Tempat foto instagramable, staff ramah dan helpfull.",positif
"Akses mudah, parkiran luas, recommended banget.",positif
"Pemandu wisata informatif dan sopan.",positif
"Fasilitas lengkap, mushola bersih, toilet wangi.",positif
"View pegunungan bikin adem, suasana tenang.",positif
"Bersih dan terawat, pasti balik lagi.",positif
"Kebun bunganya cantik, warna-warni dan teratur.",positif
"Sangat memuaskan, keluarga senang semua.",positif
"Pelayan ramah, antrian tertib, pengalaman menyenangkan.",positif
"Spot snorkelingnya keren, air jernih banget.",positif
"Transportasi umum ke lokasi cukup mudah.",positif
"Tempatnya luas, banyak spot foto.",positif
"Cocok buat piknik, anginnya sepoi-sepoi.",positif
"Harga makanan masih wajar, rasa oke.",positif
"Tempatnya kotor dan bau, sangat mengecewakan.",negatif
"Pelayanan buruk, staff jutek dan tidak membantu.",negatif
"Tiket masuk mahal tapi fasilitas minim, zonk.",negatif
"Toilet jorok, airnya tidak mengalir.",negatif
"Parkir sempit, macet, tidak terorganisir.",negatif
"Pemandangan biasa aja, tidak sesuai foto promosi.",negatif
"Sampah berserakan di mana-mana, tidak terawat.",negatif
"Antriannya panjang dan tidak tertib, capek nunggu.",negatif
"Keamanan kurang, banyak copet katanya.",negatif
"Musik terlalu keras, tidak nyaman sama sekali.",negatif
"Harga makanan kemahalan dan rasanya biasa.",negatif
"Petugas tidak ramah, terkesan cuek.",negatif
"Jauh dari ekspektasi, tidak akan kembali.",negatif
"Jalan menuju lokasi rusak parah.",negatif
"Informasi di loket tidak jelas dan membingungkan.",negatif
"Tempat bermain anak rusak, bahaya.",negatif
"Terlalu ramai, sumpek dan panas.",negatif
"Pantainya kotor, banyak plastik.",negatif
"Bising, tidak cocok untuk santai.",negatif
"Banyak pungli di area parkir.",negatif
"Biasa saja, tidak ada yang istimewa.",netral
"Tempatnya lumayan, standar untuk wisata lokal.",netral
"Datang sore, suasananya cukup ramai.",netral
"Lokasinya agak jauh dari pusat kota.",netral
"Cuacanya mendung saat berkunjung.",netral
"Parkirannya cukup, tapi tidak terlalu luas.",netral
"Kami hanya lewat, tidak sempat masuk.",netral
"Datang saat weekday, antrian sedikit.",netral
"Beberapa wahana tutup untuk perawatan.",netral
"Harga tiket sesuai pengumuman di website.",netral
"Masih proses renovasi di beberapa bagian.",netral
"Fasilitas standar, tidak ada keluhan berarti.",netral
"HTM 25k, jam operasional sampai jam 6 sore.",netral
"Otw ke lokasi, jalan lancar.",netral
"Rute via tol lebih cepat.",netral
"Kamar mandi cukup bersih, air biasa.",netral
"Bagus sih tapi rame bgt, masih oke lah.",netral
"Keren sih viewnya, tapi angin kencang.",netral
"Staffnya ok, pelayanan standar.",netral
"Tempatnya ok untuk sekadar jalan-jalan.",netral
"Tempatnya bgs, pelayanan ramah bgt!",positif
"Mantul! makanan enak, harga murce.",positif
"Ga rekomen, toilet jorok parah.",negatif
"Biasa aja sih, nothing special.",netral
"Pelayanan top, cepat dan ramah.",positif
"Rame banget sampe sesak, kurang nyaman.",negatif
"Worth it lah sama harganya.",positif
"Clue lokasi kurang, agak bingung.",negatif
"Ok lah buat keluarga, anak senang.",positif
